name	mean_coef	mean_se	sd_coef	sd_se
const	-0.0137850595300465	0.0508695887668538	0.835135176290879	0.044833637238145
pgs	0.494074663642871	0.0453330511507422	NA	NA
ancestry	0.37292733610456	0.0452647417575601	0.154451406701328	0.0450518455557071
age	-0.426403699732879	0.0461130986617991	-0.169532299521765	0.0450199135488046
sex	0.503861370025619	0.0498387504400251	0.440643998742036	0.0449654090833312
